{"chunk_definitions":[{"row":31,"row_count":1,"visible":true,"expansion_state":0,"options":{"engine":"r","label":"setup","include":false},"document_id":"E0A08E25","chunk_id":"csetup_chunk","chunk_label":"setup"},{"row":94,"row_count":1,"visible":true,"expansion_state":0,"options":{"engine":"r","results":"asis","echo":false,"label":"unnamed-chunk-2"},"document_id":"E0A08E25","chunk_id":"ce447wnn9rimu","chunk_label":"unnamed-chunk-3"}],"doc_write_time":1687375834,"working_dir":null,"default_chunk_options":{"cache":false,"echo":true,"message":false,"warning":false}}